{"n_nodes=20_n_commodities=30_id_33.21.lp": [955, 104.377348], "n_nodes=20_n_commodities=30_id_55.63.lp": [28, 8.918503], "n_nodes=20_n_commodities=30_id_6.52.lp": [45, 8.100218], "n_nodes=20_n_commodities=30_id_32.08.lp": [199, 20.740953], "n_nodes=20_n_commodities=30_id_43.93.lp": [270, 37.260984], "n_nodes=20_n_commodities=30_id_90.24.lp": [145, 26.856679], "n_nodes=20_n_commodities=30_id_32.98.lp": [45, 22.988395], "n_nodes=20_n_commodities=30_id_86.44.lp": [113, 17.808342], "n_nodes=20_n_commodities=30_id_90.27.lp": [46, 12.44567], "n_nodes=20_n_commodities=30_id_53.57.lp": [297, 27.161889], "n_nodes=20_n_commodities=30_id_17.91.lp": [135, 16.250257], "n_nodes=20_n_commodities=30_id_42.61.lp": [39, 11.608685], "n_nodes=20_n_commodities=30_id_14.64.lp": [209, 23.967881], "n_nodes=20_n_commodities=30_id_31.83.lp": [149, 17.03719], "n_nodes=20_n_commodities=30_id_74.08.lp": [481, 36.500842], "n_nodes=20_n_commodities=30_id_28.41.lp": [137, 22.151381], "n_nodes=20_n_commodities=30_id_45.99.lp": [491, 25.120629], "n_nodes=20_n_commodities=30_id_83.20.lp": [24, 4.9458459999999995], "n_nodes=20_n_commodities=30_id_84.61.lp": [1781, 68.951473], "n_nodes=20_n_commodities=30_id_95.82.lp": [597, 47.57741], "n_nodes=20_n_commodities=30_id_45.59.lp": [414, 27.314441], "n_nodes=20_n_commodities=30_id_71.94.lp": [353, 29.990196], "n_nodes=20_n_commodities=30_id_88.99.lp": [14, 4.131395], "n_nodes=20_n_commodities=30_id_75.65.lp": [37, 21.321906], "n_nodes=20_n_commodities=30_id_9.99.lp": [293, 22.222177], "n_nodes=20_n_commodities=30_id_95.98.lp": [384, 46.570713], "n_nodes=20_n_commodities=30_id_46.11.lp": [124, 17.518239], "n_nodes=20_n_commodities=30_id_1.96.lp": [89, 15.386867], "n_nodes=20_n_commodities=30_id_36.98.lp": [355, 22.41857], "n_nodes=20_n_commodities=30_id_14.86.lp": [37, 10.172549], "n_nodes=20_n_commodities=30_id_77.52.lp": [219, 23.68022], "n_nodes=20_n_commodities=30_id_84.32.lp": [664, 47.91542], "n_nodes=20_n_commodities=30_id_14.14.lp": [35, 21.082914], "n_nodes=20_n_commodities=30_id_18.68.lp": [670, 46.166171], "n_nodes=20_n_commodities=30_id_91.20.lp": [192, 17.107053], "n_nodes=20_n_commodities=30_id_69.83.lp": [530, 36.060351], "n_nodes=20_n_commodities=30_id_49.39.lp": [418, 26.977288], "n_nodes=20_n_commodities=30_id_86.53.lp": [225, 23.061925], "n_nodes=20_n_commodities=30_id_24.84.lp": [20, 6.972825], "n_nodes=20_n_commodities=30_id_27.20.lp": [34, 4.480981], "n_nodes=20_n_commodities=30_id_90.60.lp": [43, 24.359219], "n_nodes=20_n_commodities=30_id_23.17.lp": [3, 9.069899], "n_nodes=20_n_commodities=30_id_57.41.lp": [13, 12.665146], "n_nodes=20_n_commodities=30_id_69.47.lp": [15, 10.589625999999999], "n_nodes=20_n_commodities=30_id_61.68.lp": [847, 38.752662], "n_nodes=20_n_commodities=30_id_98.77.lp": [129, 16.255065], "n_nodes=20_n_commodities=30_id_1.57.lp": [520, 26.073616], "n_nodes=20_n_commodities=30_id_9.16.lp": [67, 12.662061], "n_nodes=20_n_commodities=30_id_76.00.lp": [113, 27.766711], "n_nodes=20_n_commodities=30_id_96.13.lp": [103, 12.031967999999999]}