{"n_nodes=20_n_commodities=30_id_33.21.lp": [1828.0, 238.956394], "n_nodes=20_n_commodities=30_id_55.63.lp": [5.0, 3.576726], "n_nodes=20_n_commodities=30_id_6.52.lp": [17.0, 7.789918], "n_nodes=20_n_commodities=30_id_32.08.lp": [1002.0, 92.27912], "n_nodes=20_n_commodities=30_id_43.93.lp": [863.0, 105.09598], "n_nodes=20_n_commodities=30_id_90.24.lp": [663.0, 77.657212], "n_nodes=20_n_commodities=30_id_32.98.lp": [108.0, 30.892405], "n_nodes=20_n_commodities=30_id_86.44.lp": [186.0, 20.714267], "n_nodes=20_n_commodities=30_id_90.27.lp": [70.0, 17.998246], "n_nodes=20_n_commodities=30_id_53.57.lp": [330.0, 43.435392], "n_nodes=20_n_commodities=30_id_17.91.lp": [226.0, 23.095557], "n_nodes=20_n_commodities=30_id_42.61.lp": [69.0, 13.784909], "n_nodes=20_n_commodities=30_id_14.64.lp": [679.0, 66.425268], "n_nodes=20_n_commodities=30_id_31.83.lp": [35.0, 14.196103], "n_nodes=20_n_commodities=30_id_74.08.lp": [504.0, 40.8625], "n_nodes=20_n_commodities=30_id_28.41.lp": [497.0, 52.680796], "n_nodes=20_n_commodities=30_id_45.99.lp": [440.0, 38.76414], "n_nodes=20_n_commodities=30_id_83.20.lp": [37.0, 10.114495], "n_nodes=20_n_commodities=30_id_84.61.lp": [895.0, 65.419413], "n_nodes=20_n_commodities=30_id_95.82.lp": [773.0, 67.509662], "n_nodes=20_n_commodities=30_id_45.59.lp": [827.0, 52.232588], "n_nodes=20_n_commodities=30_id_71.94.lp": [777.0, 59.971697], "n_nodes=20_n_commodities=30_id_88.99.lp": [29.0, 4.285069], "n_nodes=20_n_commodities=30_id_75.65.lp": [191.0, 22.621965], "n_nodes=20_n_commodities=30_id_9.99.lp": [348.0, 35.118396], "n_nodes=20_n_commodities=30_id_95.98.lp": [437.0, 50.79274], "n_nodes=20_n_commodities=30_id_46.11.lp": [199.0, 23.782348], "n_nodes=20_n_commodities=30_id_1.96.lp": [25.0, 12.533742], "n_nodes=20_n_commodities=30_id_36.98.lp": [287.0, 29.947116], "n_nodes=20_n_commodities=30_id_14.86.lp": [37.0, 11.659995], "n_nodes=20_n_commodities=30_id_77.52.lp": [153.0, 24.129516], "n_nodes=20_n_commodities=30_id_84.32.lp": [803.0, 57.681178], "n_nodes=20_n_commodities=30_id_14.14.lp": [113.0, 23.834751], "n_nodes=20_n_commodities=30_id_18.68.lp": [745.0, 51.537839], "n_nodes=20_n_commodities=30_id_91.20.lp": [45.0, 11.853798], "n_nodes=20_n_commodities=30_id_69.83.lp": [543.0, 42.484805], "n_nodes=20_n_commodities=30_id_49.39.lp": [313.0, 32.534141], "n_nodes=20_n_commodities=30_id_86.53.lp": [390.0, 40.688701], "n_nodes=20_n_commodities=30_id_24.84.lp": [8.0, 5.17583], "n_nodes=20_n_commodities=30_id_27.20.lp": [13.0, 3.816302], "n_nodes=20_n_commodities=30_id_90.60.lp": [541.0, 52.438764], "n_nodes=20_n_commodities=30_id_23.17.lp": [9.0, 5.90762], "n_nodes=20_n_commodities=30_id_57.41.lp": [492.0, 40.451538], "n_nodes=20_n_commodities=30_id_69.47.lp": [26.0, 11.475477], "n_nodes=20_n_commodities=30_id_61.68.lp": [1184.0, 83.267648], "n_nodes=20_n_commodities=30_id_98.77.lp": [13.0, 9.151452], "n_nodes=20_n_commodities=30_id_1.57.lp": [1444.0, 102.157259], "n_nodes=20_n_commodities=30_id_9.16.lp": [56.0, 10.323408], "n_nodes=20_n_commodities=30_id_76.00.lp": [57.0, 23.779368], "n_nodes=20_n_commodities=30_id_96.13.lp": [325.0, 22.805008]}