{"n_nodes=20_n_commodities=30_id_33.21.lp": [1840, 98.378771], "n_nodes=20_n_commodities=30_id_55.63.lp": [24, 8.772669], "n_nodes=20_n_commodities=30_id_6.52.lp": [25, 7.983549], "n_nodes=20_n_commodities=30_id_32.08.lp": [333, 24.77495], "n_nodes=20_n_commodities=30_id_43.93.lp": [265, 36.599151], "n_nodes=20_n_commodities=30_id_90.24.lp": [215, 34.814693], "n_nodes=20_n_commodities=30_id_32.98.lp": [12, 16.110731], "n_nodes=20_n_commodities=30_id_86.44.lp": [168, 19.655313], "n_nodes=20_n_commodities=30_id_90.27.lp": [37, 11.274022], "n_nodes=20_n_commodities=30_id_53.57.lp": [141, 22.811679], "n_nodes=20_n_commodities=30_id_17.91.lp": [129, 16.802402], "n_nodes=20_n_commodities=30_id_42.61.lp": [39, 11.576927], "n_nodes=20_n_commodities=30_id_14.64.lp": [418, 32.73248], "n_nodes=20_n_commodities=30_id_31.83.lp": [327, 23.123373], "n_nodes=20_n_commodities=30_id_74.08.lp": [468, 39.402872], "n_nodes=20_n_commodities=30_id_28.41.lp": [12, 12.293748], "n_nodes=20_n_commodities=30_id_45.99.lp": [273, 24.108923], "n_nodes=20_n_commodities=30_id_83.20.lp": [25, 4.952306], "n_nodes=20_n_commodities=30_id_84.61.lp": [1797, 66.837563], "n_nodes=20_n_commodities=30_id_95.82.lp": [556, 49.890567], "n_nodes=20_n_commodities=30_id_45.59.lp": [349, 29.884905], "n_nodes=20_n_commodities=30_id_71.94.lp": [376, 31.779988], "n_nodes=20_n_commodities=30_id_88.99.lp": [29, 4.286713], "n_nodes=20_n_commodities=30_id_75.65.lp": [33, 20.717977], "n_nodes=20_n_commodities=30_id_9.99.lp": [202, 19.835272], "n_nodes=20_n_commodities=30_id_95.98.lp": [387, 41.174693], "n_nodes=20_n_commodities=30_id_46.11.lp": [52, 13.859595], "n_nodes=20_n_commodities=30_id_1.96.lp": [37, 14.246682], "n_nodes=20_n_commodities=30_id_36.98.lp": [52, 12.579105], "n_nodes=20_n_commodities=30_id_14.86.lp": [53, 10.617626], "n_nodes=20_n_commodities=30_id_77.52.lp": [53, 18.811442], "n_nodes=20_n_commodities=30_id_84.32.lp": [498, 40.987946], "n_nodes=20_n_commodities=30_id_14.14.lp": [27, 20.81155], "n_nodes=20_n_commodities=30_id_18.68.lp": [400, 33.480905], "n_nodes=20_n_commodities=30_id_91.20.lp": [33, 10.075203], "n_nodes=20_n_commodities=30_id_69.83.lp": [508, 31.736162], "n_nodes=20_n_commodities=30_id_49.39.lp": [690, 36.028193], "n_nodes=20_n_commodities=30_id_86.53.lp": [160, 21.497541], "n_nodes=20_n_commodities=30_id_24.84.lp": [11, 5.878276], "n_nodes=20_n_commodities=30_id_27.20.lp": [20, 4.71907], "n_nodes=20_n_commodities=30_id_90.60.lp": [17, 23.973309], "n_nodes=20_n_commodities=30_id_23.17.lp": [3, 9.079127], "n_nodes=20_n_commodities=30_id_57.41.lp": [15, 12.272849], "n_nodes=20_n_commodities=30_id_69.47.lp": [13, 10.537536], "n_nodes=20_n_commodities=30_id_61.68.lp": [404, 26.610325], "n_nodes=20_n_commodities=30_id_98.77.lp": [13, 7.559729], "n_nodes=20_n_commodities=30_id_1.57.lp": [408, 26.361561], "n_nodes=20_n_commodities=30_id_9.16.lp": [13, 9.929061], "n_nodes=20_n_commodities=30_id_76.00.lp": [123, 27.646309], "n_nodes=20_n_commodities=30_id_96.13.lp": [68, 11.754794]}