{"n_nodes=20_n_commodities=30_id_33.21.lp": [2958, 131.109526], "n_nodes=20_n_commodities=30_id_55.63.lp": [22, 7.893688], "n_nodes=20_n_commodities=30_id_6.52.lp": [27, 8.264022], "n_nodes=20_n_commodities=30_id_32.08.lp": [245, 21.59964], "n_nodes=20_n_commodities=30_id_43.93.lp": [271, 35.067532], "n_nodes=20_n_commodities=30_id_90.24.lp": [91, 24.389315], "n_nodes=20_n_commodities=30_id_32.98.lp": [15, 16.475947], "n_nodes=20_n_commodities=30_id_86.44.lp": [125, 17.12245], "n_nodes=20_n_commodities=30_id_90.27.lp": [49, 11.330146], "n_nodes=20_n_commodities=30_id_53.57.lp": [165, 23.666957], "n_nodes=20_n_commodities=30_id_17.91.lp": [109, 16.130484], "n_nodes=20_n_commodities=30_id_42.61.lp": [39, 11.597121], "n_nodes=20_n_commodities=30_id_14.64.lp": [97, 19.004034], "n_nodes=20_n_commodities=30_id_31.83.lp": [100, 14.845957], "n_nodes=20_n_commodities=30_id_74.08.lp": [402, 33.271549], "n_nodes=20_n_commodities=30_id_28.41.lp": [12, 12.378335], "n_nodes=20_n_commodities=30_id_45.99.lp": [183, 18.855603], "n_nodes=20_n_commodities=30_id_83.20.lp": [25, 4.921933], "n_nodes=20_n_commodities=30_id_84.61.lp": [2297, 76.351674], "n_nodes=20_n_commodities=30_id_95.82.lp": [725, 40.682439], "n_nodes=20_n_commodities=30_id_45.59.lp": [617, 30.006772], "n_nodes=20_n_commodities=30_id_71.94.lp": [378, 27.851441], "n_nodes=20_n_commodities=30_id_88.99.lp": [35, 4.309624], "n_nodes=20_n_commodities=30_id_75.65.lp": [33, 20.69605], "n_nodes=20_n_commodities=30_id_9.99.lp": [285, 20.274049], "n_nodes=20_n_commodities=30_id_95.98.lp": [373, 34.024644], "n_nodes=20_n_commodities=30_id_46.11.lp": [79, 14.296553], "n_nodes=20_n_commodities=30_id_1.96.lp": [39, 14.237915], "n_nodes=20_n_commodities=30_id_36.98.lp": [103, 16.439322], "n_nodes=20_n_commodities=30_id_14.86.lp": [59, 10.516609], "n_nodes=20_n_commodities=30_id_77.52.lp": [32, 17.711934], "n_nodes=20_n_commodities=30_id_84.32.lp": [549, 30.945481], "n_nodes=20_n_commodities=30_id_14.14.lp": [29, 21.821441], "n_nodes=20_n_commodities=30_id_18.68.lp": [698, 35.897587], "n_nodes=20_n_commodities=30_id_91.20.lp": [37, 10.125097], "n_nodes=20_n_commodities=30_id_69.83.lp": [584, 31.091302], "n_nodes=20_n_commodities=30_id_49.39.lp": [252, 21.828878], "n_nodes=20_n_commodities=30_id_86.53.lp": [173, 20.898744], "n_nodes=20_n_commodities=30_id_24.84.lp": [11, 5.874744], "n_nodes=20_n_commodities=30_id_27.20.lp": [18, 4.682463], "n_nodes=20_n_commodities=30_id_90.60.lp": [17, 23.975515], "n_nodes=20_n_commodities=30_id_23.17.lp": [3, 9.04545], "n_nodes=20_n_commodities=30_id_57.41.lp": [15, 12.26347], "n_nodes=20_n_commodities=30_id_69.47.lp": [13, 10.508224], "n_nodes=20_n_commodities=30_id_61.68.lp": [465, 26.68621], "n_nodes=20_n_commodities=30_id_98.77.lp": [13, 7.473464], "n_nodes=20_n_commodities=30_id_1.57.lp": [314, 17.507118], "n_nodes=20_n_commodities=30_id_9.16.lp": [12, 8.31206], "n_nodes=20_n_commodities=30_id_76.00.lp": [90, 25.29047], "n_nodes=20_n_commodities=30_id_96.13.lp": [76, 11.467217]}