{"n_nodes=20_n_commodities=30_id_33.21.lp": [2734.0, 120.02694], "n_nodes=20_n_commodities=30_id_55.63.lp": [5.0, 4.19485], "n_nodes=20_n_commodities=30_id_6.52.lp": [7.0, 6.469674], "n_nodes=20_n_commodities=30_id_32.08.lp": [246.0, 30.217628], "n_nodes=20_n_commodities=30_id_43.93.lp": [520.0, 57.093805], "n_nodes=20_n_commodities=30_id_90.24.lp": [86.0, 24.230824], "n_nodes=20_n_commodities=30_id_32.98.lp": [108.0, 31.071588], "n_nodes=20_n_commodities=30_id_86.44.lp": [192.0, 20.202583], "n_nodes=20_n_commodities=30_id_90.27.lp": [70.0, 19.114066], "n_nodes=20_n_commodities=30_id_53.57.lp": [131.0, 25.863531], "n_nodes=20_n_commodities=30_id_17.91.lp": [223.0, 23.543253], "n_nodes=20_n_commodities=30_id_42.61.lp": [69.0, 14.465308], "n_nodes=20_n_commodities=30_id_14.64.lp": [621.0, 41.849093], "n_nodes=20_n_commodities=30_id_31.83.lp": [35.0, 14.927768], "n_nodes=20_n_commodities=30_id_74.08.lp": [473.0, 38.714956], "n_nodes=20_n_commodities=30_id_28.41.lp": [38.0, 20.538474], "n_nodes=20_n_commodities=30_id_45.99.lp": [193.0, 22.316067], "n_nodes=20_n_commodities=30_id_83.20.lp": [33.0, 10.327166], "n_nodes=20_n_commodities=30_id_84.61.lp": [922.0, 60.527539], "n_nodes=20_n_commodities=30_id_95.82.lp": [657.0, 49.147226], "n_nodes=20_n_commodities=30_id_45.59.lp": [577.0, 41.059744], "n_nodes=20_n_commodities=30_id_71.94.lp": [331.0, 33.848418], "n_nodes=20_n_commodities=30_id_88.99.lp": [23.0, 4.463392], "n_nodes=20_n_commodities=30_id_75.65.lp": [49.0, 12.231616], "n_nodes=20_n_commodities=30_id_9.99.lp": [405.0, 32.686272], "n_nodes=20_n_commodities=30_id_95.98.lp": [162.0, 26.371945], "n_nodes=20_n_commodities=30_id_46.11.lp": [200.0, 19.925978], "n_nodes=20_n_commodities=30_id_1.96.lp": [25.0, 13.161693], "n_nodes=20_n_commodities=30_id_36.98.lp": [42.0, 15.24421], "n_nodes=20_n_commodities=30_id_14.86.lp": [37.0, 12.32301], "n_nodes=20_n_commodities=30_id_77.52.lp": [107.0, 21.716183], "n_nodes=20_n_commodities=30_id_84.32.lp": [605.0, 39.31456], "n_nodes=20_n_commodities=30_id_14.14.lp": [48.0, 18.295043], "n_nodes=20_n_commodities=30_id_18.68.lp": [499.0, 36.658039], "n_nodes=20_n_commodities=30_id_91.20.lp": [30.0, 9.673604], "n_nodes=20_n_commodities=30_id_69.83.lp": [317.0, 25.515178], "n_nodes=20_n_commodities=30_id_49.39.lp": [215.0, 22.248664], "n_nodes=20_n_commodities=30_id_86.53.lp": [283.0, 26.301256], "n_nodes=20_n_commodities=30_id_24.84.lp": [7.0, 5.732247], "n_nodes=20_n_commodities=30_id_27.20.lp": [23.0, 4.542958], "n_nodes=20_n_commodities=30_id_90.60.lp": [270.0, 30.938201], "n_nodes=20_n_commodities=30_id_23.17.lp": [9.0, 6.531965], "n_nodes=20_n_commodities=30_id_57.41.lp": [206.0, 19.278214], "n_nodes=20_n_commodities=30_id_69.47.lp": [26.0, 12.074416], "n_nodes=20_n_commodities=30_id_61.68.lp": [427.0, 29.179782], "n_nodes=20_n_commodities=30_id_98.77.lp": [34.0, 11.28573], "n_nodes=20_n_commodities=30_id_1.57.lp": [419.0, 26.801125], "n_nodes=20_n_commodities=30_id_9.16.lp": [29.0, 10.807153], "n_nodes=20_n_commodities=30_id_76.00.lp": [149.0, 29.797714], "n_nodes=20_n_commodities=30_id_96.13.lp": [80.0, 11.916501]}