{"n_nodes=20_n_commodities=30_id_33.21.lp": [592, 100.961184], "n_nodes=20_n_commodities=30_id_55.63.lp": [16, 7.950205], "n_nodes=20_n_commodities=30_id_6.52.lp": [13, 6.469969], "n_nodes=20_n_commodities=30_id_32.08.lp": [248, 27.168386], "n_nodes=20_n_commodities=30_id_43.93.lp": [343, 47.592238], "n_nodes=20_n_commodities=30_id_90.24.lp": [58, 26.317764], "n_nodes=20_n_commodities=30_id_32.98.lp": [22, 22.708188], "n_nodes=20_n_commodities=30_id_86.44.lp": [121, 19.689019], "n_nodes=20_n_commodities=30_id_90.27.lp": [42, 11.490487], "n_nodes=20_n_commodities=30_id_53.57.lp": [52, 22.687456], "n_nodes=20_n_commodities=30_id_17.91.lp": [139, 17.798785], "n_nodes=20_n_commodities=30_id_42.61.lp": [59, 12.478585], "n_nodes=20_n_commodities=30_id_14.64.lp": [131, 24.419937], "n_nodes=20_n_commodities=30_id_31.83.lp": [110, 16.806636], "n_nodes=20_n_commodities=30_id_74.08.lp": [649, 49.440346], "n_nodes=20_n_commodities=30_id_28.41.lp": [12, 12.347074], "n_nodes=20_n_commodities=30_id_45.99.lp": [192, 27.270333], "n_nodes=20_n_commodities=30_id_83.20.lp": [24, 4.924655], "n_nodes=20_n_commodities=30_id_84.61.lp": [924, 59.165653], "n_nodes=20_n_commodities=30_id_95.82.lp": [625, 52.66807], "n_nodes=20_n_commodities=30_id_45.59.lp": [587, 41.067491], "n_nodes=20_n_commodities=30_id_71.94.lp": [563, 50.016742], "n_nodes=20_n_commodities=30_id_88.99.lp": [24, 4.313244], "n_nodes=20_n_commodities=30_id_75.65.lp": [45, 21.747068], "n_nodes=20_n_commodities=30_id_9.99.lp": [162, 33.748927], "n_nodes=20_n_commodities=30_id_95.98.lp": [216, 45.593212], "n_nodes=20_n_commodities=30_id_46.11.lp": [36, 10.541109], "n_nodes=20_n_commodities=30_id_1.96.lp": [45, 14.481395], "n_nodes=20_n_commodities=30_id_36.98.lp": [106, 20.642905], "n_nodes=20_n_commodities=30_id_14.86.lp": [51, 10.747141], "n_nodes=20_n_commodities=30_id_77.52.lp": [79, 21.372964], "n_nodes=20_n_commodities=30_id_84.32.lp": [441, 49.830641], "n_nodes=20_n_commodities=30_id_14.14.lp": [44, 23.077652], "n_nodes=20_n_commodities=30_id_18.68.lp": [411, 45.873188], "n_nodes=20_n_commodities=30_id_91.20.lp": [34, 12.10761], "n_nodes=20_n_commodities=30_id_69.83.lp": [479, 37.282043], "n_nodes=20_n_commodities=30_id_49.39.lp": [257, 26.065585], "n_nodes=20_n_commodities=30_id_86.53.lp": [221, 27.175707], "n_nodes=20_n_commodities=30_id_24.84.lp": [12, 5.8976489999999995], "n_nodes=20_n_commodities=30_id_27.20.lp": [18, 4.725032], "n_nodes=20_n_commodities=30_id_90.60.lp": [55, 27.107735], "n_nodes=20_n_commodities=30_id_23.17.lp": [3, 9.075037], "n_nodes=20_n_commodities=30_id_57.41.lp": [13, 12.703826], "n_nodes=20_n_commodities=30_id_69.47.lp": [18, 11.564445], "n_nodes=20_n_commodities=30_id_61.68.lp": [488, 46.321427], "n_nodes=20_n_commodities=30_id_98.77.lp": [8, 7.361814], "n_nodes=20_n_commodities=30_id_1.57.lp": [366, 29.188137], "n_nodes=20_n_commodities=30_id_9.16.lp": [12, 8.351379], "n_nodes=20_n_commodities=30_id_76.00.lp": [74, 29.460249], "n_nodes=20_n_commodities=30_id_96.13.lp": [90, 14.162851]}