{"n_nodes=20_n_commodities=30_id_33.21.lp": [5727, 143.472236], "n_nodes=20_n_commodities=30_id_55.63.lp": [16, 7.875187], "n_nodes=20_n_commodities=30_id_6.52.lp": [22, 7.933293], "n_nodes=20_n_commodities=30_id_32.08.lp": [201, 19.00947], "n_nodes=20_n_commodities=30_id_43.93.lp": [273, 36.225735], "n_nodes=20_n_commodities=30_id_90.24.lp": [83, 22.70074], "n_nodes=20_n_commodities=30_id_32.98.lp": [16, 16.567001], "n_nodes=20_n_commodities=30_id_86.44.lp": [89, 17.673022], "n_nodes=20_n_commodities=30_id_90.27.lp": [33, 11.136755], "n_nodes=20_n_commodities=30_id_53.57.lp": [466, 30.361465], "n_nodes=20_n_commodities=30_id_17.91.lp": [135, 16.006756], "n_nodes=20_n_commodities=30_id_42.61.lp": [39, 11.636923], "n_nodes=20_n_commodities=30_id_14.64.lp": [66, 18.44735], "n_nodes=20_n_commodities=30_id_31.83.lp": [50, 12.498612], "n_nodes=20_n_commodities=30_id_74.08.lp": [493, 34.832404], "n_nodes=20_n_commodities=30_id_28.41.lp": [12, 12.365447], "n_nodes=20_n_commodities=30_id_45.99.lp": [155, 17.23519], "n_nodes=20_n_commodities=30_id_83.20.lp": [25, 4.929979], "n_nodes=20_n_commodities=30_id_84.61.lp": [2651, 83.169717], "n_nodes=20_n_commodities=30_id_95.82.lp": [772, 38.99317], "n_nodes=20_n_commodities=30_id_45.59.lp": [541, 29.980346], "n_nodes=20_n_commodities=30_id_71.94.lp": [431, 27.803609], "n_nodes=20_n_commodities=30_id_88.99.lp": [39, 4.445242], "n_nodes=20_n_commodities=30_id_75.65.lp": [33, 20.732927], "n_nodes=20_n_commodities=30_id_9.99.lp": [424, 21.991638], "n_nodes=20_n_commodities=30_id_95.98.lp": [409, 35.579656], "n_nodes=20_n_commodities=30_id_46.11.lp": [80, 14.030569], "n_nodes=20_n_commodities=30_id_1.96.lp": [37, 14.341399], "n_nodes=20_n_commodities=30_id_36.98.lp": [240, 18.37016], "n_nodes=20_n_commodities=30_id_14.86.lp": [59, 10.534332], "n_nodes=20_n_commodities=30_id_77.52.lp": [32, 17.569976], "n_nodes=20_n_commodities=30_id_84.32.lp": [893, 35.565022], "n_nodes=20_n_commodities=30_id_14.14.lp": [29, 21.93479], "n_nodes=20_n_commodities=30_id_18.68.lp": [991, 38.434363], "n_nodes=20_n_commodities=30_id_91.20.lp": [41, 10.26112], "n_nodes=20_n_commodities=30_id_69.83.lp": [537, 28.846464], "n_nodes=20_n_commodities=30_id_49.39.lp": [271, 21.154896], "n_nodes=20_n_commodities=30_id_86.53.lp": [163, 21.086985], "n_nodes=20_n_commodities=30_id_24.84.lp": [11, 5.90144], "n_nodes=20_n_commodities=30_id_27.20.lp": [18, 4.660567], "n_nodes=20_n_commodities=30_id_90.60.lp": [17, 23.907104], "n_nodes=20_n_commodities=30_id_23.17.lp": [3, 9.103811], "n_nodes=20_n_commodities=30_id_57.41.lp": [15, 12.305053], "n_nodes=20_n_commodities=30_id_69.47.lp": [13, 10.540643], "n_nodes=20_n_commodities=30_id_61.68.lp": [658, 31.991685], "n_nodes=20_n_commodities=30_id_98.77.lp": [13, 7.516588], "n_nodes=20_n_commodities=30_id_1.57.lp": [732, 27.047115], "n_nodes=20_n_commodities=30_id_9.16.lp": [12, 8.372143], "n_nodes=20_n_commodities=30_id_76.00.lp": [82, 25.655012], "n_nodes=20_n_commodities=30_id_96.13.lp": [62, 11.442137]}