{"n=77_m=877_id_6.11.lp": [163, 8.78533], "n=77_m=1148_id_76.13.lp": [1140, 21.073713], "n=74_m=778_id_71.01.lp": [283, 6.501345], "n=76_m=1118_id_42.36.lp": [276, 28.315848], "n=70_m=626_id_97.81.lp": [59, 2.5957939999999997], "n=70_m=847_id_15.03.lp": [127, 4.648926], "n=71_m=827_id_92.19.lp": [207, 8.819106], "n=74_m=661_id_91.47.lp": [200, 5.190263], "n=74_m=934_id_46.86.lp": [243, 13.522213], "n=76_m=836_id_82.61.lp": [331, 7.614907], "n=76_m=1174_id_36.66.lp": [556, 23.115982], "n=70_m=722_id_88.74.lp": [154, 7.887945], "n=71_m=823_id_70.80.lp": [149, 12.636192], "n=80_m=926_id_5.76.lp": [282, 12.662607], "n=73_m=618_id_94.45.lp": [63, 2.915546], "n=70_m=613_id_76.22.lp": [62, 2.445196], "n=79_m=722_id_57.20.lp": [81, 3.940494], "n=77_m=861_id_89.37.lp": [128, 7.002934], "n=73_m=1037_id_80.57.lp": [641, 18.858215], "n=78_m=1167_id_19.84.lp": [459, 18.508185], "n=72_m=1014_id_82.69.lp": [753, 14.688557], "n=72_m=741_id_24.06.lp": [270, 6.544039], "n=73_m=961_id_39.07.lp": [554, 12.708919], "n=79_m=883_id_33.41.lp": [243, 6.556141], "n=78_m=751_id_5.90.lp": [125, 4.919299], "n=72_m=654_id_70.16.lp": [57, 2.762715], "n=71_m=637_id_41.63.lp": [70, 3.377153], "n=79_m=728_id_59.38.lp": [95, 4.915064], "n=77_m=699_id_4.95.lp": [105, 4.950395], "n=75_m=949_id_77.19.lp": [455, 12.057369], "n=79_m=899_id_95.36.lp": [264, 15.406693], "n=79_m=1196_id_61.55.lp": [368, 24.757259], "n=71_m=595_id_95.88.lp": [59, 2.319482], "n=72_m=1031_id_54.75.lp": [368, 18.037345], "n=70_m=983_id_40.09.lp": [674, 14.256828], "n=77_m=1148_id_56.28.lp": [323, 18.302208], "n=79_m=779_id_52.75.lp": [291, 5.998381], "n=77_m=695_id_1.80.lp": [134, 4.151604], "n=74_m=908_id_90.85.lp": [347, 13.330808], "n=72_m=788_id_72.05.lp": [139, 7.968275], "n=79_m=1256_id_83.95.lp": [1972, 27.755952], "n=80_m=1255_id_71.54.lp": [565, 23.693809], "n=77_m=843_id_79.72.lp": [216, 8.588067], "n=79_m=1229_id_75.13.lp": [630, 25.743684000000002], "n=71_m=951_id_0.49.lp": [468, 13.322284], "n=79_m=904_id_5.43.lp": [421, 10.401066], "n=70_m=691_id_77.15.lp": [93, 4.166181], "n=77_m=1152_id_60.84.lp": [437, 38.403206], "n=73_m=1069_id_93.66.lp": [684, 15.021121], "n=80_m=895_id_10.51.lp": [759, 12.602212]}