{"n=77_m=877_id_6.11.lp": [127.0, 6.933553], "n=77_m=1148_id_76.13.lp": [667.0, 28.301809], "n=74_m=778_id_71.01.lp": [103.0, 5.151736], "n=76_m=1118_id_42.36.lp": [1264.0, 42.484454], "n=70_m=626_id_97.81.lp": [61.0, 3.198628], "n=70_m=847_id_15.03.lp": [255.0, 7.129379], "n=71_m=827_id_92.19.lp": [157.0, 7.008938], "n=74_m=661_id_91.47.lp": [77.0, 5.252948], "n=74_m=934_id_46.86.lp": [255.0, 10.867105], "n=76_m=836_id_82.61.lp": [127.0, 6.619282], "n=76_m=1174_id_36.66.lp": [1945.0, 34.428712], "n=70_m=722_id_88.74.lp": [127.0, 4.814901], "n=71_m=823_id_70.80.lp": [823.0, 14.771016], "n=80_m=926_id_5.76.lp": [255.0, 10.145309], "n=73_m=618_id_94.45.lp": [63.0, 3.765631], "n=70_m=613_id_76.22.lp": [63.0, 3.355494], "n=79_m=722_id_57.20.lp": [77.0, 4.97808], "n=77_m=861_id_89.37.lp": [127.0, 9.002307], "n=73_m=1037_id_80.57.lp": [993.0, 18.847817], "n=78_m=1167_id_19.84.lp": [883.0, 32.751395], "n=72_m=1014_id_82.69.lp": [968.0, 27.424874], "n=72_m=741_id_24.06.lp": [121.0, 5.581786], "n=73_m=961_id_39.07.lp": [477.0, 12.13332], "n=79_m=883_id_33.41.lp": [389.0, 12.811431], "n=78_m=751_id_5.90.lp": [127.0, 5.853893], "n=72_m=654_id_70.16.lp": [63.0, 3.559945], "n=71_m=637_id_41.63.lp": [68.0, 4.16095], "n=79_m=728_id_59.38.lp": [65.0, 5.085474], "n=77_m=699_id_4.95.lp": [63.0, 3.724974], "n=75_m=949_id_77.19.lp": [489.0, 12.595471], "n=79_m=899_id_95.36.lp": [583.0, 17.705621], "n=79_m=1196_id_61.55.lp": [1911.0, 35.071666], "n=71_m=595_id_95.88.lp": [127.0, 3.824523], "n=72_m=1031_id_54.75.lp": [693.0, 19.390842], "n=70_m=983_id_40.09.lp": [923.0, 29.011818], "n=77_m=1148_id_56.28.lp": [702.0, 19.259173], "n=79_m=779_id_52.75.lp": [115.0, 5.757999], "n=77_m=695_id_1.80.lp": [127.0, 4.715052], "n=74_m=908_id_90.85.lp": [239.0, 10.553026], "n=72_m=788_id_72.05.lp": [123.0, 5.905555], "n=79_m=1256_id_83.95.lp": [1062.0, 43.060027], "n=80_m=1255_id_71.54.lp": [446.0, 41.1943], "n=77_m=843_id_79.72.lp": [127.0, 6.557387], "n=79_m=1229_id_75.13.lp": [819.0, 29.885871], "n=71_m=951_id_0.49.lp": [431.0, 19.03279], "n=79_m=904_id_5.43.lp": [463.0, 9.447495], "n=70_m=691_id_77.15.lp": [125.0, 5.372192], "n=77_m=1152_id_60.84.lp": [1135.0, 33.290504], "n=73_m=1069_id_93.66.lp": [777.0, 22.932902], "n=80_m=895_id_10.51.lp": [335.0, 20.540283]}