{"n=77_m=877_id_6.11.lp": [255, 7.548617], "n=77_m=1148_id_76.13.lp": [2029, 26.080832], "n=74_m=778_id_71.01.lp": [127, 5.727212], "n=76_m=1118_id_42.36.lp": [2047, 43.669681], "n=70_m=626_id_97.81.lp": [63, 2.587538], "n=70_m=847_id_15.03.lp": [127, 5.427318], "n=71_m=827_id_92.19.lp": [255, 9.979037], "n=74_m=661_id_91.47.lp": [103, 3.871131], "n=74_m=934_id_46.86.lp": [255, 10.717619], "n=76_m=836_id_82.61.lp": [255, 7.717818], "n=76_m=1174_id_36.66.lp": [2047, 36.985473999999996], "n=70_m=722_id_88.74.lp": [127, 5.581842], "n=71_m=823_id_70.80.lp": [432, 8.584698], "n=80_m=926_id_5.76.lp": [255, 8.570921], "n=73_m=618_id_94.45.lp": [77, 2.977156], "n=70_m=613_id_76.22.lp": [63, 3.116927], "n=79_m=722_id_57.20.lp": [83, 3.916069], "n=77_m=861_id_89.37.lp": [255, 7.775667], "n=73_m=1037_id_80.57.lp": [1019, 22.641202], "n=78_m=1167_id_19.84.lp": [2047, 38.402645], "n=72_m=1014_id_82.69.lp": [1793, 21.613489], "n=72_m=741_id_24.06.lp": [127, 4.778369], "n=73_m=961_id_39.07.lp": [511, 12.977942], "n=79_m=883_id_33.41.lp": [255, 8.76266], "n=78_m=751_id_5.90.lp": [127, 4.753397], "n=72_m=654_id_70.16.lp": [63, 2.8134959999999998], "n=71_m=637_id_41.63.lp": [65, 3.07076], "n=79_m=728_id_59.38.lp": [127, 5.176716], "n=77_m=699_id_4.95.lp": [127, 4.294018], "n=75_m=949_id_77.19.lp": [511, 13.208397], "n=79_m=899_id_95.36.lp": [509, 12.949396], "n=79_m=1196_id_61.55.lp": [2035, 27.858476], "n=71_m=595_id_95.88.lp": [63, 2.494494], "n=72_m=1031_id_54.75.lp": [1047, 19.075268], "n=70_m=983_id_40.09.lp": [1073, 19.629627], "n=77_m=1148_id_56.28.lp": [1001, 19.768979], "n=79_m=779_id_52.75.lp": [255, 5.809402], "n=77_m=695_id_1.80.lp": [127, 4.828874], "n=74_m=908_id_90.85.lp": [255, 12.537091], "n=72_m=788_id_72.05.lp": [127, 8.339241], "n=79_m=1256_id_83.95.lp": [2041, 38.868278], "n=80_m=1255_id_71.54.lp": [2047, 42.467713], "n=77_m=843_id_79.72.lp": [240, 8.32352], "n=79_m=1229_id_75.13.lp": [2047, 44.33501], "n=71_m=951_id_0.49.lp": [1021, 14.986062], "n=79_m=904_id_5.43.lp": [255, 8.607135], "n=70_m=691_id_77.15.lp": [127, 4.351003], "n=77_m=1152_id_60.84.lp": [2043, 36.591162], "n=73_m=1069_id_93.66.lp": [1023, 18.480976], "n=80_m=895_id_10.51.lp": [511, 10.005375]}