{"n=77_m=877_id_6.11.lp": [127.0, 6.721008], "n=77_m=1148_id_76.13.lp": [1014.0, 36.561762], "n=74_m=778_id_71.01.lp": [73.0, 4.643351], "n=76_m=1118_id_42.36.lp": [2005.0, 37.149099], "n=70_m=626_id_97.81.lp": [59.0, 2.803277], "n=70_m=847_id_15.03.lp": [189.0, 7.493802], "n=71_m=827_id_92.19.lp": [153.0, 6.631613], "n=74_m=661_id_91.47.lp": [79.0, 4.5996500000000005], "n=74_m=934_id_46.86.lp": [253.0, 10.848694], "n=76_m=836_id_82.61.lp": [127.0, 6.375474], "n=76_m=1174_id_36.66.lp": [1775.0, 42.759523], "n=70_m=722_id_88.74.lp": [127.0, 4.438275], "n=71_m=823_id_70.80.lp": [479.0, 9.894245], "n=80_m=926_id_5.76.lp": [255.0, 9.141038], "n=73_m=618_id_94.45.lp": [63.0, 3.043021], "n=70_m=613_id_76.22.lp": [63.0, 2.900626], "n=79_m=722_id_57.20.lp": [79.0, 4.593809], "n=77_m=861_id_89.37.lp": [127.0, 8.54842], "n=73_m=1037_id_80.57.lp": [937.0, 21.512496], "n=78_m=1167_id_19.84.lp": [1054.0, 40.277672], "n=72_m=1014_id_82.69.lp": [1566.0, 28.61138], "n=72_m=741_id_24.06.lp": [107.0, 5.091866], "n=73_m=961_id_39.07.lp": [469.0, 12.687859], "n=79_m=883_id_33.41.lp": [249.0, 8.483932], "n=78_m=751_id_5.90.lp": [125.0, 5.456193], "n=72_m=654_id_70.16.lp": [63.0, 3.2603], "n=71_m=637_id_41.63.lp": [68.0, 3.629641], "n=79_m=728_id_59.38.lp": [63.0, 4.810871], "n=77_m=699_id_4.95.lp": [63.0, 3.252061], "n=75_m=949_id_77.19.lp": [500.0, 12.722329], "n=79_m=899_id_95.36.lp": [255.0, 8.767014], "n=79_m=1196_id_61.55.lp": [1125.0, 39.584611], "n=71_m=595_id_95.88.lp": [127.0, 3.343531], "n=72_m=1031_id_54.75.lp": [1030.0, 21.769232], "n=70_m=983_id_40.09.lp": [917.0, 27.756313], "n=77_m=1148_id_56.28.lp": [864.0, 19.792212], "n=79_m=779_id_52.75.lp": [101.0, 5.041465], "n=77_m=695_id_1.80.lp": [119.0, 4.273775], "n=74_m=908_id_90.85.lp": [245.0, 10.511015], "n=72_m=788_id_72.05.lp": [121.0, 5.48946], "n=79_m=1256_id_83.95.lp": [928.0, 67.668006], "n=80_m=1255_id_71.54.lp": [1767.0, 50.376962], "n=77_m=843_id_79.72.lp": [127.0, 6.310081], "n=79_m=1229_id_75.13.lp": [918.0, 51.638908], "n=71_m=951_id_0.49.lp": [1209.0, 21.867174], "n=79_m=904_id_5.43.lp": [255.0, 7.566364], "n=70_m=691_id_77.15.lp": [123.0, 4.95198], "n=77_m=1152_id_60.84.lp": [1855.0, 38.875999], "n=73_m=1069_id_93.66.lp": [981.0, 20.562153], "n=80_m=895_id_10.51.lp": [305.0, 9.435512]}