{"n=77_m=877_id_6.11.lp": [187, 8.761718], "n=77_m=1148_id_76.13.lp": [525, 24.816437], "n=74_m=778_id_71.01.lp": [107, 5.177879], "n=76_m=1118_id_42.36.lp": [580, 19.177356], "n=70_m=626_id_97.81.lp": [55, 2.515799], "n=70_m=847_id_15.03.lp": [127, 4.690889], "n=71_m=827_id_92.19.lp": [127, 7.973154], "n=74_m=661_id_91.47.lp": [63, 3.127757], "n=74_m=934_id_46.86.lp": [221, 8.678586], "n=76_m=836_id_82.61.lp": [127, 7.09136], "n=76_m=1174_id_36.66.lp": [353, 32.328307], "n=70_m=722_id_88.74.lp": [125, 4.5294989999999995], "n=71_m=823_id_70.80.lp": [255, 6.812749], "n=80_m=926_id_5.76.lp": [247, 7.50585], "n=73_m=618_id_94.45.lp": [63, 2.770831], "n=70_m=613_id_76.22.lp": [62, 2.401876], "n=79_m=722_id_57.20.lp": [63, 3.190962], "n=77_m=861_id_89.37.lp": [129, 6.961158], "n=73_m=1037_id_80.57.lp": [524, 16.192496], "n=78_m=1167_id_19.84.lp": [829, 19.12179], "n=72_m=1014_id_82.69.lp": [317, 21.94356], "n=72_m=741_id_24.06.lp": [123, 4.651554], "n=73_m=961_id_39.07.lp": [534, 12.832348], "n=79_m=883_id_33.41.lp": [243, 6.666583], "n=78_m=751_id_5.90.lp": [127, 5.076199], "n=72_m=654_id_70.16.lp": [55, 2.637361], "n=71_m=637_id_41.63.lp": [63, 3.146402], "n=79_m=728_id_59.38.lp": [109, 4.444906], "n=77_m=699_id_4.95.lp": [119, 4.277404], "n=75_m=949_id_77.19.lp": [485, 11.496444], "n=79_m=899_id_95.36.lp": [467, 11.379928], "n=79_m=1196_id_61.55.lp": [957, 40.17103], "n=71_m=595_id_95.88.lp": [55, 2.198393], "n=72_m=1031_id_54.75.lp": [506, 14.896555], "n=70_m=983_id_40.09.lp": [447, 15.533577], "n=77_m=1148_id_56.28.lp": [527, 16.093431], "n=79_m=779_id_52.75.lp": [255, 5.921121], "n=77_m=695_id_1.80.lp": [123, 4.213554], "n=74_m=908_id_90.85.lp": [225, 10.044054], "n=72_m=788_id_72.05.lp": [169, 8.731123], "n=79_m=1256_id_83.95.lp": [765, 42.742686], "n=80_m=1255_id_71.54.lp": [951, 47.423898], "n=77_m=843_id_79.72.lp": [127, 5.788288], "n=79_m=1229_id_75.13.lp": [1834, 27.412106], "n=71_m=951_id_0.49.lp": [428, 13.679177], "n=79_m=904_id_5.43.lp": [243, 7.685499], "n=70_m=691_id_77.15.lp": [81, 4.336241], "n=77_m=1152_id_60.84.lp": [584, 30.174543], "n=73_m=1069_id_93.66.lp": [647, 16.334524], "n=80_m=895_id_10.51.lp": [293, 11.046973]}