{"n=77_m=877_id_6.11.lp": [335, 11.581173], "n=77_m=1148_id_76.13.lp": [458, 20.920832], "n=74_m=778_id_71.01.lp": [283, 6.773894], "n=76_m=1118_id_42.36.lp": [328, 21.664525], "n=70_m=626_id_97.81.lp": [59, 2.742574], "n=70_m=847_id_15.03.lp": [104, 6.780834], "n=71_m=827_id_92.19.lp": [523, 11.502449], "n=74_m=661_id_91.47.lp": [302, 6.125158], "n=74_m=934_id_46.86.lp": [218, 12.87416], "n=76_m=836_id_82.61.lp": [131, 6.157468], "n=76_m=1174_id_36.66.lp": [359, 18.547764], "n=70_m=722_id_88.74.lp": [129, 7.692966], "n=71_m=823_id_70.80.lp": [222, 11.273221], "n=80_m=926_id_5.76.lp": [148, 12.47049], "n=73_m=618_id_94.45.lp": [110, 3.796368], "n=70_m=613_id_76.22.lp": [83, 3.361832], "n=79_m=722_id_57.20.lp": [154, 5.773691], "n=77_m=861_id_89.37.lp": [217, 13.502843], "n=73_m=1037_id_80.57.lp": [368, 15.266484], "n=78_m=1167_id_19.84.lp": [302, 27.073703], "n=72_m=1014_id_82.69.lp": [342, 14.887158], "n=72_m=741_id_24.06.lp": [340, 6.94084], "n=73_m=961_id_39.07.lp": [438, 15.160075], "n=79_m=883_id_33.41.lp": [220, 11.315859], "n=78_m=751_id_5.90.lp": [240, 5.87724], "n=72_m=654_id_70.16.lp": [63, 2.747999], "n=71_m=637_id_41.63.lp": [64, 2.845171], "n=79_m=728_id_59.38.lp": [230, 6.784657], "n=77_m=699_id_4.95.lp": [99, 5.416417], "n=75_m=949_id_77.19.lp": [295, 13.542713], "n=79_m=899_id_95.36.lp": [249, 15.232584], "n=79_m=1196_id_61.55.lp": [253, 19.591092], "n=71_m=595_id_95.88.lp": [62, 3.188892], "n=72_m=1031_id_54.75.lp": [382, 15.569243], "n=70_m=983_id_40.09.lp": [419, 13.230181], "n=77_m=1148_id_56.28.lp": [297, 15.733505], "n=79_m=779_id_52.75.lp": [192, 7.45906], "n=77_m=695_id_1.80.lp": [163, 6.723832], "n=74_m=908_id_90.85.lp": [161, 13.556866], "n=72_m=788_id_72.05.lp": [205, 11.053141], "n=79_m=1256_id_83.95.lp": [617, 29.212364], "n=80_m=1255_id_71.54.lp": [793, 29.880748], "n=77_m=843_id_79.72.lp": [142, 7.993231], "n=79_m=1229_id_75.13.lp": [475, 19.93547], "n=71_m=951_id_0.49.lp": [265, 17.703769], "n=79_m=904_id_5.43.lp": [103, 8.554937], "n=70_m=691_id_77.15.lp": [99, 6.9115839999999995], "n=77_m=1152_id_60.84.lp": [238, 18.17752], "n=73_m=1069_id_93.66.lp": [358, 16.235841], "n=80_m=895_id_10.51.lp": [345, 13.602071]}