{"n=77_m=877_id_6.11.lp": [257, 13.414422], "n=77_m=1148_id_76.13.lp": [374, 18.901407], "n=74_m=778_id_71.01.lp": [109, 5.107822], "n=76_m=1118_id_42.36.lp": [738, 33.431908], "n=70_m=626_id_97.81.lp": [146, 4.760427], "n=70_m=847_id_15.03.lp": [693, 15.696484], "n=71_m=827_id_92.19.lp": [159, 8.287025], "n=74_m=661_id_91.47.lp": [211, 5.383834], "n=74_m=934_id_46.86.lp": [313, 11.541686], "n=76_m=836_id_82.61.lp": [349, 8.963332], "n=76_m=1174_id_36.66.lp": [627, 28.638], "n=70_m=722_id_88.74.lp": [255, 11.285227], "n=71_m=823_id_70.80.lp": [272, 11.199954], "n=80_m=926_id_5.76.lp": [221, 14.958942], "n=73_m=618_id_94.45.lp": [139, 4.732199], "n=70_m=613_id_76.22.lp": [188, 4.234619], "n=79_m=722_id_57.20.lp": [151, 5.590107], "n=77_m=861_id_89.37.lp": [237, 13.952128], "n=73_m=1037_id_80.57.lp": [696, 21.345325], "n=78_m=1167_id_19.84.lp": [574, 27.758295], "n=72_m=1014_id_82.69.lp": [1172, 28.677208], "n=72_m=741_id_24.06.lp": [241, 6.025833], "n=73_m=961_id_39.07.lp": [465, 15.560071], "n=79_m=883_id_33.41.lp": [215, 15.957522], "n=78_m=751_id_5.90.lp": [157, 7.391161], "n=72_m=654_id_70.16.lp": [123, 4.906361], "n=71_m=637_id_41.63.lp": [184, 5.749904], "n=79_m=728_id_59.38.lp": [119, 5.737943], "n=77_m=699_id_4.95.lp": [123, 6.062822], "n=75_m=949_id_77.19.lp": [505, 18.698281], "n=79_m=899_id_95.36.lp": [348, 16.327875], "n=79_m=1196_id_61.55.lp": [1393, 42.895104], "n=71_m=595_id_95.88.lp": [115, 3.8882589999999997], "n=72_m=1031_id_54.75.lp": [748, 23.412719], "n=70_m=983_id_40.09.lp": [623, 16.059938], "n=77_m=1148_id_56.28.lp": [428, 19.748311], "n=79_m=779_id_52.75.lp": [208, 7.902282], "n=77_m=695_id_1.80.lp": [168, 7.246675], "n=74_m=908_id_90.85.lp": [171, 16.455706], "n=72_m=788_id_72.05.lp": [187, 9.790006], "n=79_m=1256_id_83.95.lp": [938, 39.536225], "n=80_m=1255_id_71.54.lp": [531, 37.552543], "n=77_m=843_id_79.72.lp": [333, 8.284569], "n=79_m=1229_id_75.13.lp": [1062, 28.511813], "n=71_m=951_id_0.49.lp": [881, 20.786475], "n=79_m=904_id_5.43.lp": [325, 12.880107], "n=70_m=691_id_77.15.lp": [236, 6.7150929999999995], "n=77_m=1152_id_60.84.lp": [908, 25.110337], "n=73_m=1069_id_93.66.lp": [1037, 25.333702], "n=80_m=895_id_10.51.lp": [281, 12.471546]}