{"er_n=87_m=2233_p=0.60_SET2_setparam=100.00_alpha=0.50.lp": [1052.0, 23.275981], "er_n=84_m=2163_p=0.60_SET2_setparam=100.00_alpha=0.50.lp": [1163.0, 19.787616], "er_n=98_m=2877_p=0.60_SET2_setparam=100.00_alpha=0.50.lp": [1515.0, 36.089379], "er_n=96_m=2637_p=0.60_SET2_setparam=100.00_alpha=0.50.lp": [460.0, 15.125787], "er_n=99_m=2913_p=0.60_SET2_setparam=100.00_alpha=0.50.lp": [2152.0, 39.642562], "er_n=97_m=2804_p=0.60_SET2_setparam=100.00_alpha=0.50.lp": [1516.0, 37.0452], "er_n=88_m=2298_p=0.60_SET2_setparam=100.00_alpha=0.50.lp": [1102.0, 22.513437], "er_n=89_m=2335_p=0.60_SET2_setparam=100.00_alpha=0.50.lp": [974.0, 19.330191], "er_n=98_m=2828_p=0.60_SET2_setparam=100.00_alpha=0.50.lp": [2331.0, 33.052955], "er_n=98_m=2871_p=0.60_SET2_setparam=100.00_alpha=0.50.lp": [2633.0, 46.079751], "er_n=97_m=2776_p=0.60_SET2_setparam=100.00_alpha=0.50.lp": [1730.0, 34.092195], "er_n=93_m=2614_p=0.60_SET2_setparam=100.00_alpha=0.50.lp": [594.0, 18.827123], "er_n=99_m=2889_p=0.60_SET2_setparam=100.00_alpha=0.50.lp": [1725.0, 41.154754], "er_n=89_m=2341_p=0.60_SET2_setparam=100.00_alpha=0.50.lp": [1102.0, 20.126216], "er_n=83_m=2059_p=0.60_SET2_setparam=100.00_alpha=0.50.lp": [749.0, 17.503421], "er_n=100_m=2968_p=0.60_SET2_setparam=100.00_alpha=0.50.lp": [1530.0, 38.315273], "er_n=81_m=1994_p=0.60_SET2_setparam=100.00_alpha=0.50.lp": [921.0, 15.182401], "er_n=93_m=2536_p=0.60_SET2_setparam=100.00_alpha=0.50.lp": [1377.0, 26.452541], "er_n=94_m=2589_p=0.60_SET2_setparam=100.00_alpha=0.50.lp": [1906.0, 31.73931], "er_n=91_m=2502_p=0.60_SET2_setparam=100.00_alpha=0.50.lp": [844.0, 19.302322], "er_n=97_m=2794_p=0.60_SET2_setparam=100.00_alpha=0.50.lp": [394.0, 16.314943], "er_n=92_m=2525_p=0.60_SET2_setparam=100.00_alpha=0.50.lp": [1559.0, 29.42134], "er_n=96_m=2688_p=0.60_SET2_setparam=100.00_alpha=0.50.lp": [2315.0, 39.52563], "er_n=82_m=2017_p=0.60_SET2_setparam=100.00_alpha=0.50.lp": [1258.0, 16.035762], "er_n=94_m=2586_p=0.60_SET2_setparam=100.00_alpha=0.50.lp": [1633.0, 27.302073], "er_n=80_m=1893_p=0.60_SET2_setparam=100.00_alpha=0.50.lp": [869.0, 12.420212], "er_n=100_m=2941_p=0.60_SET2_setparam=100.00_alpha=0.50.lp": [2342.0, 52.544376], "er_n=88_m=2328_p=0.60_SET2_setparam=100.00_alpha=0.50.lp": [1085.0, 22.540758], "er_n=100_m=2970_p=0.60_SET2_setparam=100.00_alpha=0.50.lp": [1287.0, 33.871011], "er_n=90_m=2428_p=0.60_SET2_setparam=100.00_alpha=0.50.lp": [1527.0, 27.314162], "er_n=98_m=2897_p=0.60_SET2_setparam=100.00_alpha=0.50.lp": [2026.0, 36.651624], "er_n=100_m=3000_p=0.60_SET2_setparam=100.00_alpha=0.50.lp": [2948.0, 47.412784], "er_n=99_m=2902_p=0.60_SET2_setparam=100.00_alpha=0.50.lp": [1559.0, 34.930185], "er_n=98_m=2865_p=0.60_SET2_setparam=100.00_alpha=0.50.lp": [4138.0, 56.508905], "er_n=94_m=2605_p=0.60_SET2_setparam=100.00_alpha=0.50.lp": [918.0, 20.02539], "er_n=94_m=2677_p=0.60_SET2_setparam=100.00_alpha=0.50.lp": [1130.0, 22.871125], "er_n=99_m=2922_p=0.60_SET2_setparam=100.00_alpha=0.50.lp": [2270.0, 40.779526], "er_n=86_m=2143_p=0.60_SET2_setparam=100.00_alpha=0.50.lp": [929.0, 17.442235], "er_n=82_m=1967_p=0.60_SET2_setparam=100.00_alpha=0.50.lp": [630.0, 12.52967], "er_n=90_m=2402_p=0.60_SET2_setparam=100.00_alpha=0.50.lp": [1385.0, 27.635816], "er_n=83_m=2010_p=0.60_SET2_setparam=100.00_alpha=0.50.lp": [1317.0, 16.272545], "er_n=96_m=2721_p=0.60_SET2_setparam=100.00_alpha=0.50.lp": [1186.0, 23.883421], "er_n=83_m=2069_p=0.60_SET2_setparam=100.00_alpha=0.50.lp": [1310.0, 18.580121], "er_n=92_m=2499_p=0.60_SET2_setparam=100.00_alpha=0.50.lp": [1142.0, 23.426699], "er_n=88_m=2271_p=0.60_SET2_setparam=100.00_alpha=0.50.lp": [3497.0, 41.190984], "er_n=81_m=2001_p=0.60_SET2_setparam=100.00_alpha=0.50.lp": [604.0, 14.176638], "er_n=83_m=2011_p=0.60_SET2_setparam=100.00_alpha=0.50.lp": [1369.0, 17.154649], "er_n=92_m=2479_p=0.60_SET2_setparam=100.00_alpha=0.50.lp": [1587.0, 21.690095], "er_n=85_m=2164_p=0.60_SET2_setparam=100.00_alpha=0.50.lp": [731.0, 16.389005], "er_n=99_m=2884_p=0.60_SET2_setparam=100.00_alpha=0.50.lp": [1703.0, 37.428533]}