{"er_n=87_m=2233_p=0.60_SET2_setparam=100.00_alpha=0.50.lp": [1218, 17.302455], "er_n=84_m=2163_p=0.60_SET2_setparam=100.00_alpha=0.50.lp": [1382, 18.056842], "er_n=98_m=2877_p=0.60_SET2_setparam=100.00_alpha=0.50.lp": [1955, 33.604465], "er_n=96_m=2637_p=0.60_SET2_setparam=100.00_alpha=0.50.lp": [1829, 29.91107], "er_n=99_m=2913_p=0.60_SET2_setparam=100.00_alpha=0.50.lp": [4116, 62.3724], "er_n=97_m=2804_p=0.60_SET2_setparam=100.00_alpha=0.50.lp": [2418, 53.160222], "er_n=88_m=2298_p=0.60_SET2_setparam=100.00_alpha=0.50.lp": [2099, 38.727825], "er_n=89_m=2335_p=0.60_SET2_setparam=100.00_alpha=0.50.lp": [1823, 42.106258], "er_n=98_m=2828_p=0.60_SET2_setparam=100.00_alpha=0.50.lp": [2226, 49.439859], "er_n=98_m=2871_p=0.60_SET2_setparam=100.00_alpha=0.50.lp": [3997, 68.781267], "er_n=97_m=2776_p=0.60_SET2_setparam=100.00_alpha=0.50.lp": [2264, 43.135102], "er_n=93_m=2614_p=0.60_SET2_setparam=100.00_alpha=0.50.lp": [1152, 20.272251], "er_n=99_m=2889_p=0.60_SET2_setparam=100.00_alpha=0.50.lp": [3720, 65.716261], "er_n=89_m=2341_p=0.60_SET2_setparam=100.00_alpha=0.50.lp": [1692, 35.113807], "er_n=83_m=2059_p=0.60_SET2_setparam=100.00_alpha=0.50.lp": [1296, 16.845583], "er_n=100_m=2968_p=0.60_SET2_setparam=100.00_alpha=0.50.lp": [2237, 58.712309], "er_n=81_m=1994_p=0.60_SET2_setparam=100.00_alpha=0.50.lp": [1197, 15.335937], "er_n=93_m=2536_p=0.60_SET2_setparam=100.00_alpha=0.50.lp": [2687, 32.256613], "er_n=94_m=2589_p=0.60_SET2_setparam=100.00_alpha=0.50.lp": [2624, 30.872631], "er_n=91_m=2502_p=0.60_SET2_setparam=100.00_alpha=0.50.lp": [955, 30.958446], "er_n=97_m=2794_p=0.60_SET2_setparam=100.00_alpha=0.50.lp": [840, 40.278662], "er_n=92_m=2525_p=0.60_SET2_setparam=100.00_alpha=0.50.lp": [2185, 46.751398], "er_n=96_m=2688_p=0.60_SET2_setparam=100.00_alpha=0.50.lp": [4118, 56.754881], "er_n=82_m=2017_p=0.60_SET2_setparam=100.00_alpha=0.50.lp": [1816, 18.447393], "er_n=94_m=2586_p=0.60_SET2_setparam=100.00_alpha=0.50.lp": [3005, 45.825076], "er_n=80_m=1893_p=0.60_SET2_setparam=100.00_alpha=0.50.lp": [974, 11.253836], "er_n=100_m=2941_p=0.60_SET2_setparam=100.00_alpha=0.50.lp": [4640, 69.631373], "er_n=88_m=2328_p=0.60_SET2_setparam=100.00_alpha=0.50.lp": [1583, 21.11675], "er_n=100_m=2970_p=0.60_SET2_setparam=100.00_alpha=0.50.lp": [4261, 69.726752], "er_n=90_m=2428_p=0.60_SET2_setparam=100.00_alpha=0.50.lp": [1858, 25.209998], "er_n=98_m=2897_p=0.60_SET2_setparam=100.00_alpha=0.50.lp": [5139, 67.616646], "er_n=100_m=3000_p=0.60_SET2_setparam=100.00_alpha=0.50.lp": [4045, 65.359229], "er_n=99_m=2902_p=0.60_SET2_setparam=100.00_alpha=0.50.lp": [3121, 67.511967], "er_n=98_m=2865_p=0.60_SET2_setparam=100.00_alpha=0.50.lp": [5385, 74.439954], "er_n=94_m=2605_p=0.60_SET2_setparam=100.00_alpha=0.50.lp": [1736, 23.998986], "er_n=94_m=2677_p=0.60_SET2_setparam=100.00_alpha=0.50.lp": [1587, 48.187595], "er_n=99_m=2922_p=0.60_SET2_setparam=100.00_alpha=0.50.lp": [3919, 74.820264], "er_n=86_m=2143_p=0.60_SET2_setparam=100.00_alpha=0.50.lp": [1458, 16.549899], "er_n=82_m=1967_p=0.60_SET2_setparam=100.00_alpha=0.50.lp": [1109, 14.190153], "er_n=90_m=2402_p=0.60_SET2_setparam=100.00_alpha=0.50.lp": [2025, 45.314073], "er_n=83_m=2010_p=0.60_SET2_setparam=100.00_alpha=0.50.lp": [1961, 26.840453], "er_n=96_m=2721_p=0.60_SET2_setparam=100.00_alpha=0.50.lp": [2785, 51.301918], "er_n=83_m=2069_p=0.60_SET2_setparam=100.00_alpha=0.50.lp": [1574, 27.551947], "er_n=92_m=2499_p=0.60_SET2_setparam=100.00_alpha=0.50.lp": [1514, 21.862745], "er_n=88_m=2271_p=0.60_SET2_setparam=100.00_alpha=0.50.lp": [4043, 35.591558], "er_n=81_m=2001_p=0.60_SET2_setparam=100.00_alpha=0.50.lp": [763, 10.447046], "er_n=83_m=2011_p=0.60_SET2_setparam=100.00_alpha=0.50.lp": [981, 12.350605], "er_n=92_m=2479_p=0.60_SET2_setparam=100.00_alpha=0.50.lp": [1994, 40.910634], "er_n=85_m=2164_p=0.60_SET2_setparam=100.00_alpha=0.50.lp": [1181, 17.577413], "er_n=99_m=2884_p=0.60_SET2_setparam=100.00_alpha=0.50.lp": [2760, 60.703048]}