{"er_n=87_m=2233_p=0.60_SET2_setparam=100.00_alpha=0.50.lp": [1020.0, 24.009523], "er_n=84_m=2163_p=0.60_SET2_setparam=100.00_alpha=0.50.lp": [984.0, 24.68763], "er_n=98_m=2877_p=0.60_SET2_setparam=100.00_alpha=0.50.lp": [1434.0, 42.803722], "er_n=96_m=2637_p=0.60_SET2_setparam=100.00_alpha=0.50.lp": [415.0, 15.785755], "er_n=99_m=2913_p=0.60_SET2_setparam=100.00_alpha=0.50.lp": [2270.0, 50.788064], "er_n=97_m=2804_p=0.60_SET2_setparam=100.00_alpha=0.50.lp": [2479.0, 53.708194], "er_n=88_m=2298_p=0.60_SET2_setparam=100.00_alpha=0.50.lp": [1226.0, 29.211185], "er_n=89_m=2335_p=0.60_SET2_setparam=100.00_alpha=0.50.lp": [775.0, 21.582627], "er_n=98_m=2828_p=0.60_SET2_setparam=100.00_alpha=0.50.lp": [2016.0, 38.213064], "er_n=98_m=2871_p=0.60_SET2_setparam=100.00_alpha=0.50.lp": [2448.0, 52.613315], "er_n=97_m=2776_p=0.60_SET2_setparam=100.00_alpha=0.50.lp": [1852.0, 40.701682], "er_n=93_m=2614_p=0.60_SET2_setparam=100.00_alpha=0.50.lp": [846.0, 26.969186], "er_n=99_m=2889_p=0.60_SET2_setparam=100.00_alpha=0.50.lp": [1426.0, 46.712241], "er_n=89_m=2341_p=0.60_SET2_setparam=100.00_alpha=0.50.lp": [1017.0, 22.613513], "er_n=83_m=2059_p=0.60_SET2_setparam=100.00_alpha=0.50.lp": [600.0, 16.130679], "er_n=100_m=2968_p=0.60_SET2_setparam=100.00_alpha=0.50.lp": [1276.0, 34.967964], "er_n=81_m=1994_p=0.60_SET2_setparam=100.00_alpha=0.50.lp": [1015.0, 18.719888], "er_n=93_m=2536_p=0.60_SET2_setparam=100.00_alpha=0.50.lp": [1414.0, 31.32369], "er_n=94_m=2589_p=0.60_SET2_setparam=100.00_alpha=0.50.lp": [2012.0, 39.975313], "er_n=91_m=2502_p=0.60_SET2_setparam=100.00_alpha=0.50.lp": [749.0, 18.072247], "er_n=97_m=2794_p=0.60_SET2_setparam=100.00_alpha=0.50.lp": [1285.0, 41.15548], "er_n=92_m=2525_p=0.60_SET2_setparam=100.00_alpha=0.50.lp": [2239.0, 48.149872], "er_n=96_m=2688_p=0.60_SET2_setparam=100.00_alpha=0.50.lp": [2576.0, 52.08226], "er_n=82_m=2017_p=0.60_SET2_setparam=100.00_alpha=0.50.lp": [1006.0, 19.392149], "er_n=94_m=2586_p=0.60_SET2_setparam=100.00_alpha=0.50.lp": [951.0, 28.73443], "er_n=80_m=1893_p=0.60_SET2_setparam=100.00_alpha=0.50.lp": [772.0, 13.351318], "er_n=100_m=2941_p=0.60_SET2_setparam=100.00_alpha=0.50.lp": [2143.0, 48.420819], "er_n=88_m=2328_p=0.60_SET2_setparam=100.00_alpha=0.50.lp": [1102.0, 23.226147], "er_n=100_m=2970_p=0.60_SET2_setparam=100.00_alpha=0.50.lp": [2244.0, 51.21498], "er_n=90_m=2428_p=0.60_SET2_setparam=100.00_alpha=0.50.lp": [1184.0, 27.890227], "er_n=98_m=2897_p=0.60_SET2_setparam=100.00_alpha=0.50.lp": [2233.0, 47.392032], "er_n=100_m=3000_p=0.60_SET2_setparam=100.00_alpha=0.50.lp": [2976.0, 57.635048], "er_n=99_m=2902_p=0.60_SET2_setparam=100.00_alpha=0.50.lp": [1634.0, 45.13905], "er_n=98_m=2865_p=0.60_SET2_setparam=100.00_alpha=0.50.lp": [4105.0, 71.150254], "er_n=94_m=2605_p=0.60_SET2_setparam=100.00_alpha=0.50.lp": [1652.0, 38.271555], "er_n=94_m=2677_p=0.60_SET2_setparam=100.00_alpha=0.50.lp": [1638.0, 38.53909], "er_n=99_m=2922_p=0.60_SET2_setparam=100.00_alpha=0.50.lp": [3231.0, 62.828468], "er_n=86_m=2143_p=0.60_SET2_setparam=100.00_alpha=0.50.lp": [913.0, 19.11999], "er_n=82_m=1967_p=0.60_SET2_setparam=100.00_alpha=0.50.lp": [607.0, 14.667387], "er_n=90_m=2402_p=0.60_SET2_setparam=100.00_alpha=0.50.lp": [2202.0, 48.869769], "er_n=83_m=2010_p=0.60_SET2_setparam=100.00_alpha=0.50.lp": [1293.0, 20.794839], "er_n=96_m=2721_p=0.60_SET2_setparam=100.00_alpha=0.50.lp": [1292.0, 35.559191], "er_n=83_m=2069_p=0.60_SET2_setparam=100.00_alpha=0.50.lp": [1215.0, 21.393391], "er_n=92_m=2499_p=0.60_SET2_setparam=100.00_alpha=0.50.lp": [1040.0, 26.097624], "er_n=88_m=2271_p=0.60_SET2_setparam=100.00_alpha=0.50.lp": [3462.0, 46.421664], "er_n=81_m=2001_p=0.60_SET2_setparam=100.00_alpha=0.50.lp": [651.0, 13.503934], "er_n=83_m=2011_p=0.60_SET2_setparam=100.00_alpha=0.50.lp": [838.0, 19.568202], "er_n=92_m=2479_p=0.60_SET2_setparam=100.00_alpha=0.50.lp": [1370.0, 26.129366], "er_n=85_m=2164_p=0.60_SET2_setparam=100.00_alpha=0.50.lp": [736.0, 16.060485], "er_n=99_m=2884_p=0.60_SET2_setparam=100.00_alpha=0.50.lp": [1735.0, 45.661255]}