{"er_n=87_m=2233_p=0.60_SET2_setparam=100.00_alpha=0.50.lp": [1326, 16.936463], "er_n=84_m=2163_p=0.60_SET2_setparam=100.00_alpha=0.50.lp": [794, 12.099852], "er_n=98_m=2877_p=0.60_SET2_setparam=100.00_alpha=0.50.lp": [1235, 24.534768], "er_n=96_m=2637_p=0.60_SET2_setparam=100.00_alpha=0.50.lp": [1381, 22.110843], "er_n=99_m=2913_p=0.60_SET2_setparam=100.00_alpha=0.50.lp": [2187, 31.293971], "er_n=97_m=2804_p=0.60_SET2_setparam=100.00_alpha=0.50.lp": [2390, 31.877401], "er_n=88_m=2298_p=0.60_SET2_setparam=100.00_alpha=0.50.lp": [1560, 19.387455], "er_n=89_m=2335_p=0.60_SET2_setparam=100.00_alpha=0.50.lp": [987, 17.925633], "er_n=98_m=2828_p=0.60_SET2_setparam=100.00_alpha=0.50.lp": [2448, 26.646073], "er_n=98_m=2871_p=0.60_SET2_setparam=100.00_alpha=0.50.lp": [4033, 43.495675], "er_n=97_m=2776_p=0.60_SET2_setparam=100.00_alpha=0.50.lp": [1897, 26.78795], "er_n=93_m=2614_p=0.60_SET2_setparam=100.00_alpha=0.50.lp": [862, 17.3338], "er_n=99_m=2889_p=0.60_SET2_setparam=100.00_alpha=0.50.lp": [1550, 26.884495], "er_n=89_m=2341_p=0.60_SET2_setparam=100.00_alpha=0.50.lp": [1217, 18.955049], "er_n=83_m=2059_p=0.60_SET2_setparam=100.00_alpha=0.50.lp": [501, 8.905572], "er_n=100_m=2968_p=0.60_SET2_setparam=100.00_alpha=0.50.lp": [1912, 31.163936], "er_n=81_m=1994_p=0.60_SET2_setparam=100.00_alpha=0.50.lp": [823, 10.716446], "er_n=93_m=2536_p=0.60_SET2_setparam=100.00_alpha=0.50.lp": [1444, 20.849474], "er_n=94_m=2589_p=0.60_SET2_setparam=100.00_alpha=0.50.lp": [2773, 26.638218], "er_n=91_m=2502_p=0.60_SET2_setparam=100.00_alpha=0.50.lp": [1465, 18.059913], "er_n=97_m=2794_p=0.60_SET2_setparam=100.00_alpha=0.50.lp": [967, 23.470862], "er_n=92_m=2525_p=0.60_SET2_setparam=100.00_alpha=0.50.lp": [1392, 21.38439], "er_n=96_m=2688_p=0.60_SET2_setparam=100.00_alpha=0.50.lp": [2779, 29.196393], "er_n=82_m=2017_p=0.60_SET2_setparam=100.00_alpha=0.50.lp": [1281, 15.454303], "er_n=94_m=2586_p=0.60_SET2_setparam=100.00_alpha=0.50.lp": [1409, 21.114648], "er_n=80_m=1893_p=0.60_SET2_setparam=100.00_alpha=0.50.lp": [677, 8.35623], "er_n=100_m=2941_p=0.60_SET2_setparam=100.00_alpha=0.50.lp": [2448, 30.129782], "er_n=88_m=2328_p=0.60_SET2_setparam=100.00_alpha=0.50.lp": [1215, 15.001737], "er_n=100_m=2970_p=0.60_SET2_setparam=100.00_alpha=0.50.lp": [2998, 33.691331], "er_n=90_m=2428_p=0.60_SET2_setparam=100.00_alpha=0.50.lp": [1038, 15.257903], "er_n=98_m=2897_p=0.60_SET2_setparam=100.00_alpha=0.50.lp": [2990, 32.04142], "er_n=100_m=3000_p=0.60_SET2_setparam=100.00_alpha=0.50.lp": [3514, 41.195607], "er_n=99_m=2902_p=0.60_SET2_setparam=100.00_alpha=0.50.lp": [1946, 29.519036], "er_n=98_m=2865_p=0.60_SET2_setparam=100.00_alpha=0.50.lp": [5213, 80.203489], "er_n=94_m=2605_p=0.60_SET2_setparam=100.00_alpha=0.50.lp": [1351, 23.110745], "er_n=94_m=2677_p=0.60_SET2_setparam=100.00_alpha=0.50.lp": [1625, 26.62292], "er_n=99_m=2922_p=0.60_SET2_setparam=100.00_alpha=0.50.lp": [3273, 45.11744], "er_n=86_m=2143_p=0.60_SET2_setparam=100.00_alpha=0.50.lp": [905, 13.493412], "er_n=82_m=1967_p=0.60_SET2_setparam=100.00_alpha=0.50.lp": [533, 8.877615], "er_n=90_m=2402_p=0.60_SET2_setparam=100.00_alpha=0.50.lp": [1533, 19.244471], "er_n=83_m=2010_p=0.60_SET2_setparam=100.00_alpha=0.50.lp": [802, 10.438305], "er_n=96_m=2721_p=0.60_SET2_setparam=100.00_alpha=0.50.lp": [1547, 21.897689], "er_n=83_m=2069_p=0.60_SET2_setparam=100.00_alpha=0.50.lp": [1118, 12.963843], "er_n=92_m=2499_p=0.60_SET2_setparam=100.00_alpha=0.50.lp": [1261, 20.454273], "er_n=88_m=2271_p=0.60_SET2_setparam=100.00_alpha=0.50.lp": [3999, 26.717528], "er_n=81_m=2001_p=0.60_SET2_setparam=100.00_alpha=0.50.lp": [880, 11.198888], "er_n=83_m=2011_p=0.60_SET2_setparam=100.00_alpha=0.50.lp": [661, 9.517444], "er_n=92_m=2479_p=0.60_SET2_setparam=100.00_alpha=0.50.lp": [1803, 21.373599], "er_n=85_m=2164_p=0.60_SET2_setparam=100.00_alpha=0.50.lp": [1094, 14.443141], "er_n=99_m=2884_p=0.60_SET2_setparam=100.00_alpha=0.50.lp": [1510, 26.057851]}