{"er_n=87_m=2233_p=0.60_SET2_setparam=100.00_alpha=0.50.lp": [1013, 19.436658], "er_n=84_m=2163_p=0.60_SET2_setparam=100.00_alpha=0.50.lp": [735, 19.121778], "er_n=98_m=2877_p=0.60_SET2_setparam=100.00_alpha=0.50.lp": [1022, 33.093207], "er_n=96_m=2637_p=0.60_SET2_setparam=100.00_alpha=0.50.lp": [510, 16.502058], "er_n=99_m=2913_p=0.60_SET2_setparam=100.00_alpha=0.50.lp": [2338, 42.470153], "er_n=97_m=2804_p=0.60_SET2_setparam=100.00_alpha=0.50.lp": [1517, 38.908449], "er_n=88_m=2298_p=0.60_SET2_setparam=100.00_alpha=0.50.lp": [1319, 22.092656], "er_n=89_m=2335_p=0.60_SET2_setparam=100.00_alpha=0.50.lp": [779, 22.091933], "er_n=98_m=2828_p=0.60_SET2_setparam=100.00_alpha=0.50.lp": [1863, 31.531265], "er_n=98_m=2871_p=0.60_SET2_setparam=100.00_alpha=0.50.lp": [2452, 49.256638], "er_n=97_m=2776_p=0.60_SET2_setparam=100.00_alpha=0.50.lp": [1507, 33.896746], "er_n=93_m=2614_p=0.60_SET2_setparam=100.00_alpha=0.50.lp": [561, 18.472896], "er_n=99_m=2889_p=0.60_SET2_setparam=100.00_alpha=0.50.lp": [1165, 37.482438], "er_n=89_m=2341_p=0.60_SET2_setparam=100.00_alpha=0.50.lp": [957, 19.257015], "er_n=83_m=2059_p=0.60_SET2_setparam=100.00_alpha=0.50.lp": [822, 16.579166], "er_n=100_m=2968_p=0.60_SET2_setparam=100.00_alpha=0.50.lp": [1445, 35.133184], "er_n=81_m=1994_p=0.60_SET2_setparam=100.00_alpha=0.50.lp": [946, 15.910108], "er_n=93_m=2536_p=0.60_SET2_setparam=100.00_alpha=0.50.lp": [1181, 26.165382], "er_n=94_m=2589_p=0.60_SET2_setparam=100.00_alpha=0.50.lp": [2054, 32.87135], "er_n=91_m=2502_p=0.60_SET2_setparam=100.00_alpha=0.50.lp": [814, 21.093609], "er_n=97_m=2794_p=0.60_SET2_setparam=100.00_alpha=0.50.lp": [577, 19.20776], "er_n=92_m=2525_p=0.60_SET2_setparam=100.00_alpha=0.50.lp": [1535, 32.843154], "er_n=96_m=2688_p=0.60_SET2_setparam=100.00_alpha=0.50.lp": [2758, 44.807212], "er_n=82_m=2017_p=0.60_SET2_setparam=100.00_alpha=0.50.lp": [1252, 19.613907], "er_n=94_m=2586_p=0.60_SET2_setparam=100.00_alpha=0.50.lp": [665, 20.381238], "er_n=80_m=1893_p=0.60_SET2_setparam=100.00_alpha=0.50.lp": [593, 11.169226], "er_n=100_m=2941_p=0.60_SET2_setparam=100.00_alpha=0.50.lp": [2295, 49.612723], "er_n=88_m=2328_p=0.60_SET2_setparam=100.00_alpha=0.50.lp": [1082, 21.729327], "er_n=100_m=2970_p=0.60_SET2_setparam=100.00_alpha=0.50.lp": [1761, 41.818487], "er_n=90_m=2428_p=0.60_SET2_setparam=100.00_alpha=0.50.lp": [1088, 24.006356], "er_n=98_m=2897_p=0.60_SET2_setparam=100.00_alpha=0.50.lp": [2565, 48.946957], "er_n=100_m=3000_p=0.60_SET2_setparam=100.00_alpha=0.50.lp": [2848, 52.425743], "er_n=99_m=2902_p=0.60_SET2_setparam=100.00_alpha=0.50.lp": [1430, 32.767218], "er_n=98_m=2865_p=0.60_SET2_setparam=100.00_alpha=0.50.lp": [3930, 53.859566], "er_n=94_m=2605_p=0.60_SET2_setparam=100.00_alpha=0.50.lp": [827, 20.995516], "er_n=94_m=2677_p=0.60_SET2_setparam=100.00_alpha=0.50.lp": [1169, 27.001751], "er_n=99_m=2922_p=0.60_SET2_setparam=100.00_alpha=0.50.lp": [2106, 50.441951], "er_n=86_m=2143_p=0.60_SET2_setparam=100.00_alpha=0.50.lp": [1027, 16.91227], "er_n=82_m=1967_p=0.60_SET2_setparam=100.00_alpha=0.50.lp": [815, 14.155953], "er_n=90_m=2402_p=0.60_SET2_setparam=100.00_alpha=0.50.lp": [1514, 26.38406], "er_n=83_m=2010_p=0.60_SET2_setparam=100.00_alpha=0.50.lp": [1066, 14.205712], "er_n=96_m=2721_p=0.60_SET2_setparam=100.00_alpha=0.50.lp": [1417, 31.623134], "er_n=83_m=2069_p=0.60_SET2_setparam=100.00_alpha=0.50.lp": [1206, 18.423691], "er_n=92_m=2499_p=0.60_SET2_setparam=100.00_alpha=0.50.lp": [1138, 21.43562], "er_n=88_m=2271_p=0.60_SET2_setparam=100.00_alpha=0.50.lp": [3815, 39.888873], "er_n=81_m=2001_p=0.60_SET2_setparam=100.00_alpha=0.50.lp": [553, 10.905191], "er_n=83_m=2011_p=0.60_SET2_setparam=100.00_alpha=0.50.lp": [634, 11.674561], "er_n=92_m=2479_p=0.60_SET2_setparam=100.00_alpha=0.50.lp": [1339, 24.145488], "er_n=85_m=2164_p=0.60_SET2_setparam=100.00_alpha=0.50.lp": [821, 17.255144], "er_n=99_m=2884_p=0.60_SET2_setparam=100.00_alpha=0.50.lp": [1019, 29.101699]}