{"er_n=87_m=2233_p=0.60_SET2_setparam=100.00_alpha=0.50.lp": [1109, 14.829914], "er_n=84_m=2163_p=0.60_SET2_setparam=100.00_alpha=0.50.lp": [1247, 18.492258], "er_n=98_m=2877_p=0.60_SET2_setparam=100.00_alpha=0.50.lp": [1175, 21.369658], "er_n=96_m=2637_p=0.60_SET2_setparam=100.00_alpha=0.50.lp": [973, 20.050589], "er_n=99_m=2913_p=0.60_SET2_setparam=100.00_alpha=0.50.lp": [3355, 30.642018], "er_n=97_m=2804_p=0.60_SET2_setparam=100.00_alpha=0.50.lp": [2297, 43.401567], "er_n=88_m=2298_p=0.60_SET2_setparam=100.00_alpha=0.50.lp": [1725, 18.278893], "er_n=89_m=2335_p=0.60_SET2_setparam=100.00_alpha=0.50.lp": [497, 10.823116], "er_n=98_m=2828_p=0.60_SET2_setparam=100.00_alpha=0.50.lp": [3161, 31.024862], "er_n=98_m=2871_p=0.60_SET2_setparam=100.00_alpha=0.50.lp": [3091, 31.881801], "er_n=97_m=2776_p=0.60_SET2_setparam=100.00_alpha=0.50.lp": [4180, 40.770921], "er_n=93_m=2614_p=0.60_SET2_setparam=100.00_alpha=0.50.lp": [587, 15.793085], "er_n=99_m=2889_p=0.60_SET2_setparam=100.00_alpha=0.50.lp": [885, 20.550703], "er_n=89_m=2341_p=0.60_SET2_setparam=100.00_alpha=0.50.lp": [1063, 17.62184], "er_n=83_m=2059_p=0.60_SET2_setparam=100.00_alpha=0.50.lp": [495, 9.020544], "er_n=100_m=2968_p=0.60_SET2_setparam=100.00_alpha=0.50.lp": [1663, 27.644341], "er_n=81_m=1994_p=0.60_SET2_setparam=100.00_alpha=0.50.lp": [793, 10.670242], "er_n=93_m=2536_p=0.60_SET2_setparam=100.00_alpha=0.50.lp": [1709, 18.765514], "er_n=94_m=2589_p=0.60_SET2_setparam=100.00_alpha=0.50.lp": [4066, 37.792381], "er_n=91_m=2502_p=0.60_SET2_setparam=100.00_alpha=0.50.lp": [630, 11.092571], "er_n=97_m=2794_p=0.60_SET2_setparam=100.00_alpha=0.50.lp": [1797, 32.888008], "er_n=92_m=2525_p=0.60_SET2_setparam=100.00_alpha=0.50.lp": [2099, 24.954188], "er_n=96_m=2688_p=0.60_SET2_setparam=100.00_alpha=0.50.lp": [3963, 31.486475], "er_n=82_m=2017_p=0.60_SET2_setparam=100.00_alpha=0.50.lp": [1671, 15.052835], "er_n=94_m=2586_p=0.60_SET2_setparam=100.00_alpha=0.50.lp": [1309, 21.520652], "er_n=80_m=1893_p=0.60_SET2_setparam=100.00_alpha=0.50.lp": [569, 8.921759999999999], "er_n=100_m=2941_p=0.60_SET2_setparam=100.00_alpha=0.50.lp": [3105, 34.333158], "er_n=88_m=2328_p=0.60_SET2_setparam=100.00_alpha=0.50.lp": [1211, 16.513731], "er_n=100_m=2970_p=0.60_SET2_setparam=100.00_alpha=0.50.lp": [3380, 39.704322], "er_n=90_m=2428_p=0.60_SET2_setparam=100.00_alpha=0.50.lp": [1991, 20.530296], "er_n=98_m=2897_p=0.60_SET2_setparam=100.00_alpha=0.50.lp": [4537, 43.528472], "er_n=100_m=3000_p=0.60_SET2_setparam=100.00_alpha=0.50.lp": [4417, 40.953104], "er_n=99_m=2902_p=0.60_SET2_setparam=100.00_alpha=0.50.lp": [2533, 32.095702], "er_n=98_m=2865_p=0.60_SET2_setparam=100.00_alpha=0.50.lp": [6361, 45.663551], "er_n=94_m=2605_p=0.60_SET2_setparam=100.00_alpha=0.50.lp": [1071, 14.84849], "er_n=94_m=2677_p=0.60_SET2_setparam=100.00_alpha=0.50.lp": [1245, 20.205983], "er_n=99_m=2922_p=0.60_SET2_setparam=100.00_alpha=0.50.lp": [3211, 38.08237], "er_n=86_m=2143_p=0.60_SET2_setparam=100.00_alpha=0.50.lp": [981, 13.103404], "er_n=82_m=1967_p=0.60_SET2_setparam=100.00_alpha=0.50.lp": [608, 8.644367], "er_n=90_m=2402_p=0.60_SET2_setparam=100.00_alpha=0.50.lp": [2318, 25.39561], "er_n=83_m=2010_p=0.60_SET2_setparam=100.00_alpha=0.50.lp": [1097, 10.528973], "er_n=96_m=2721_p=0.60_SET2_setparam=100.00_alpha=0.50.lp": [1327, 22.609911], "er_n=83_m=2069_p=0.60_SET2_setparam=100.00_alpha=0.50.lp": [1835, 15.888218], "er_n=92_m=2499_p=0.60_SET2_setparam=100.00_alpha=0.50.lp": [1193, 18.526155], "er_n=88_m=2271_p=0.60_SET2_setparam=100.00_alpha=0.50.lp": [4452, 30.469626], "er_n=81_m=2001_p=0.60_SET2_setparam=100.00_alpha=0.50.lp": [549, 8.324112], "er_n=83_m=2011_p=0.60_SET2_setparam=100.00_alpha=0.50.lp": [1142, 11.962168], "er_n=92_m=2479_p=0.60_SET2_setparam=100.00_alpha=0.50.lp": [1754, 20.226258], "er_n=85_m=2164_p=0.60_SET2_setparam=100.00_alpha=0.50.lp": [1543, 14.676746], "er_n=99_m=2884_p=0.60_SET2_setparam=100.00_alpha=0.50.lp": [2597, 27.120675]}