{"er_n=87_m=2233_p=0.60_SET2_setparam=100.00_alpha=0.50.lp": [1316, 19.015801], "er_n=84_m=2163_p=0.60_SET2_setparam=100.00_alpha=0.50.lp": [797, 16.666703], "er_n=98_m=2877_p=0.60_SET2_setparam=100.00_alpha=0.50.lp": [2510, 41.353066], "er_n=96_m=2637_p=0.60_SET2_setparam=100.00_alpha=0.50.lp": [529, 15.05943], "er_n=99_m=2913_p=0.60_SET2_setparam=100.00_alpha=0.50.lp": [3241, 42.998495], "er_n=97_m=2804_p=0.60_SET2_setparam=100.00_alpha=0.50.lp": [1538, 28.007059], "er_n=88_m=2298_p=0.60_SET2_setparam=100.00_alpha=0.50.lp": [1132, 21.418786], "er_n=89_m=2335_p=0.60_SET2_setparam=100.00_alpha=0.50.lp": [503, 13.463751], "er_n=98_m=2828_p=0.60_SET2_setparam=100.00_alpha=0.50.lp": [2599, 62.622182], "er_n=98_m=2871_p=0.60_SET2_setparam=100.00_alpha=0.50.lp": [2939, 47.194172], "er_n=97_m=2776_p=0.60_SET2_setparam=100.00_alpha=0.50.lp": [2620, 35.526603], "er_n=93_m=2614_p=0.60_SET2_setparam=100.00_alpha=0.50.lp": [528, 15.689804], "er_n=99_m=2889_p=0.60_SET2_setparam=100.00_alpha=0.50.lp": [953, 26.491289], "er_n=89_m=2341_p=0.60_SET2_setparam=100.00_alpha=0.50.lp": [1069, 19.077176], "er_n=83_m=2059_p=0.60_SET2_setparam=100.00_alpha=0.50.lp": [673, 11.408744], "er_n=100_m=2968_p=0.60_SET2_setparam=100.00_alpha=0.50.lp": [1208, 28.172017], "er_n=81_m=1994_p=0.60_SET2_setparam=100.00_alpha=0.50.lp": [725, 12.709923], "er_n=93_m=2536_p=0.60_SET2_setparam=100.00_alpha=0.50.lp": [1452, 23.631194], "er_n=94_m=2589_p=0.60_SET2_setparam=100.00_alpha=0.50.lp": [2829, 63.979046], "er_n=91_m=2502_p=0.60_SET2_setparam=100.00_alpha=0.50.lp": [943, 16.183239], "er_n=97_m=2794_p=0.60_SET2_setparam=100.00_alpha=0.50.lp": [1981, 34.868258], "er_n=92_m=2525_p=0.60_SET2_setparam=100.00_alpha=0.50.lp": [1935, 54.683069], "er_n=96_m=2688_p=0.60_SET2_setparam=100.00_alpha=0.50.lp": [2698, 58.898554], "er_n=82_m=2017_p=0.60_SET2_setparam=100.00_alpha=0.50.lp": [1753, 17.896488], "er_n=94_m=2586_p=0.60_SET2_setparam=100.00_alpha=0.50.lp": [2804, 34.15131], "er_n=80_m=1893_p=0.60_SET2_setparam=100.00_alpha=0.50.lp": [833, 11.495356], "er_n=100_m=2941_p=0.60_SET2_setparam=100.00_alpha=0.50.lp": [2630, 40.71854], "er_n=88_m=2328_p=0.60_SET2_setparam=100.00_alpha=0.50.lp": [942, 16.590387], "er_n=100_m=2970_p=0.60_SET2_setparam=100.00_alpha=0.50.lp": [2656, 73.117171], "er_n=90_m=2428_p=0.60_SET2_setparam=100.00_alpha=0.50.lp": [1101, 16.670725], "er_n=98_m=2897_p=0.60_SET2_setparam=100.00_alpha=0.50.lp": [2626, 65.353193], "er_n=100_m=3000_p=0.60_SET2_setparam=100.00_alpha=0.50.lp": [3435, 72.272605], "er_n=99_m=2902_p=0.60_SET2_setparam=100.00_alpha=0.50.lp": [2144, 31.220003], "er_n=98_m=2865_p=0.60_SET2_setparam=100.00_alpha=0.50.lp": [4375, 79.591245], "er_n=94_m=2605_p=0.60_SET2_setparam=100.00_alpha=0.50.lp": [930, 19.016571], "er_n=94_m=2677_p=0.60_SET2_setparam=100.00_alpha=0.50.lp": [1273, 22.79712], "er_n=99_m=2922_p=0.60_SET2_setparam=100.00_alpha=0.50.lp": [2512, 38.785585], "er_n=86_m=2143_p=0.60_SET2_setparam=100.00_alpha=0.50.lp": [1078, 15.899887], "er_n=82_m=1967_p=0.60_SET2_setparam=100.00_alpha=0.50.lp": [936, 12.445543], "er_n=90_m=2402_p=0.60_SET2_setparam=100.00_alpha=0.50.lp": [1895, 46.940191], "er_n=83_m=2010_p=0.60_SET2_setparam=100.00_alpha=0.50.lp": [1233, 14.551642], "er_n=96_m=2721_p=0.60_SET2_setparam=100.00_alpha=0.50.lp": [1525, 25.741286], "er_n=83_m=2069_p=0.60_SET2_setparam=100.00_alpha=0.50.lp": [1856, 20.520727], "er_n=92_m=2499_p=0.60_SET2_setparam=100.00_alpha=0.50.lp": [1258, 19.683379], "er_n=88_m=2271_p=0.60_SET2_setparam=100.00_alpha=0.50.lp": [3316, 30.616173], "er_n=81_m=2001_p=0.60_SET2_setparam=100.00_alpha=0.50.lp": [555, 10.303029], "er_n=83_m=2011_p=0.60_SET2_setparam=100.00_alpha=0.50.lp": [923, 12.959752], "er_n=92_m=2479_p=0.60_SET2_setparam=100.00_alpha=0.50.lp": [1412, 25.243707], "er_n=85_m=2164_p=0.60_SET2_setparam=100.00_alpha=0.50.lp": [1096, 15.492378], "er_n=99_m=2884_p=0.60_SET2_setparam=100.00_alpha=0.50.lp": [2514, 40.05733]}